"","V1","V2"
"1",-2.5,2.5
"2",2.51863839094955,2.5
"3",2.51863839094955,2.07143227927461
"4",1.14600028871443,2.07143227927461
"5",1.14600028871443,1.4409029004616
"6",0.889898894516439,1.4409029004616
"7",0.889898894516439,0.454122484466372
"8",-0.298339148569817,0.454122484466372
"9",-0.298339148569817,-0.000923226179072117
"10",-0.579693641916834,-0.000923226179072117
"11",-0.579693641916834,-0.362685655534703
"12",-1.46936384533724,-0.362685655534703
"13",-1.46936384533724,-1.62207232945597
"14",-1.62904188385544,-1.62207232945597
"15",-1.62904188385544,-1.79506913645912
"16",-0.770570229056011,-1.79506913645912
"17",-0.770570229056011,-0.985423700312776
"18",-0.941120136787099,-0.985423700312776
"19",-0.941120136787099,-0.914793897293553
"20",-1.73503155610874,-0.914793897293553
"21",-1.73503155610874,-2.51365242783727
"22",-1.66591833274301,-2.51365242783727
"23",-1.66591833274301,-1.85241455645302
"24",-2.7518452657897,-1.85241455645302
"25",-2.7518452657897,-2.78015561396799
"26",-2.09648682666582,-2.78015561396799
"27",-2.09648682666582,-1.39043901481437
"28",-1.05195657127598,-1.39043901481437
"29",-1.05195657127598,-0.663105237834669
"30",-0.188395094953339,-0.663105237834669
"31",-0.188395094953339,-1.12541344764104
"32",-0.514265020144312,-1.12541344764104
"33",-0.514265020144312,-0.00229535521472296
"34",0.00695644360678539,-0.00229535521472296
"35",0.00695644360678539,-0.775359346455882
"36",-1.39103964236172,-0.775359346455882
"37",-1.39103964236172,-0.625503781285026
"38",0.00272584547467403,-0.625503781285026
"39",0.00272584547467403,0.854373275923938
"40",0.0896474423774665,0.854373275923938
"41",0.0896474423774665,-0.638219612118183
"42",-0.790330910314647,-0.638219612118183
"43",-0.790330910314647,-0.851830802212681
"44",-0.0104649462033174,-0.851830802212681
"45",-0.0104649462033174,-0.287740815950623
"46",-1.16667236141309,-0.287740815950623
"47",-1.16667236141309,-1.10319971891126
"48",-1.67632462999799,-1.10319971891126
"49",-1.67632462999799,-1.45880251639626
"50",-0.915618557791387,-1.45880251639626
"51",-0.915618557791387,-0.287103900814887
"52",-0.315502261648308,-0.287103900814887
"53",-0.315502261648308,-1.54956788222977
"54",-1.62619001859218,-1.54956788222977
"55",-1.62619001859218,-0.437198216698429
"56",-0.85790859558165,-0.437198216698429
"57",-0.85790859558165,-0.65192308053475
"58",-0.135493772841794,-0.65192308053475
"59",-0.135493772841794,-0.510653636897095
"60",-0.410408001750017,-0.510653636897095
"61",-0.410408001750017,-0.116567575885052
"62",0.614447300056122,-0.116567575885052
"63",0.614447300056122,0.0800165928330585
"64",1.07008693382373,0.0800165928330585
"65",1.07008693382373,0.702884281281613
"66",0.173778329686635,0.702884281281613
"67",0.173778329686635,0.0296941334299775
"68",0.534835482101573,0.0296941334299775
"69",0.534835482101573,0.243938363220652
"70",-0.0691666424900592,0.243938363220652
"71",-0.0691666424900592,-0.422216440177521
"72",-0.628897298218287,-0.422216440177521
"73",-0.628897298218287,0.215093734859437
"74",1.00894760208735,0.215093734859437
"75",1.00894760208735,0.906378618554691
"76",0.419122721022517,0.906378618554691
"77",0.419122721022517,1.16192816619786
"78",1.70865306542082,1.16192816619786
"79",1.70865306542082,1.288852227138
"80",1.4752309334617,1.288852227138
"81",1.4752309334617,1.97939521484408
"82",1.41667375836567,1.97939521484408
"83",1.41667375836567,0.936543265341241
"84",0.741718265668398,0.936543265341241
"85",0.741718265668398,1.13528183805726
"86",0.240747473252234,1.13528183805726
"87",0.240747473252234,-0.310928499325203
"88",-0.227422164240551,-0.310928499325203
"89",-0.227422164240551,-0.929855093455678
"90",-0.213181052363272,-0.929855093455678
"91",-0.213181052363272,1.35245546464124
"92",1.87204139503297,1.35245546464124
"93",1.87204139503297,2.36296095910658
"94",2.77052040691544,2.36296095910658
"95",2.77052040691544,1.552185240651
"96",0.965186509540085,1.552185240651
"97",0.965186509540085,0.759971657888734
"98",0.580378418389201,0.759971657888734
"99",0.580378418389201,0.137610788966351
"100",0.660309369106681,0.137610788966351
"101",0.660309369106681,0.516596510677486
"102",0.87805531058274,0.516596510677486
"103",0.87805531058274,0.346012284979105
"104",1.36897561436716,0.346012284979105
"105",1.36897561436716,1.41001166113079
"106",1.53957199713174,1.41001166113079
"107",1.53957199713174,0.690875064340634
"108",1.83431386313608,0.690875064340634
"109",1.83431386313608,1.6595266554785
"110",0.377150165635497,1.6595266554785
"111",0.377150165635497,0.000211589424232383
"112",0.442925073028717,0.000211589424232383
"113",0.442925073028717,0.0391048880284856
"114",-0.887985016225247,0.0391048880284856
"115",-0.887985016225247,-0.802659833724399
"116",-1.03016710104228,-0.802659833724399
"117",-1.03016710104228,-1.62900360749374
"118",-1.14028240425679,-1.62900360749374
"119",-1.14028240425679,-0.708501243173806
"120",0.437947001722086,-0.708501243173806
"121",0.437947001722086,0.551738988234358
"122",0.111057557284344,0.551738988234358
"123",0.111057557284344,-0.0830580459169602
"124",-0.555321137538437,-0.0830580459169602
"125",-0.555321137538437,-0.412152186076237
"126",-0.58642656229335,-0.412152186076237
"127",-0.58642656229335,-0.190825371357399
"128",0.0972927899131675,-0.190825371357399
"129",0.0972927899131675,0.192814506562392
"130",-0.616345231734635,0.192814506562392
"131",-0.616345231734635,-1.09710138105
"132",-0.852609575370598,-1.09710138105
"133",-0.852609575370598,-1.13645327124642
"134",0.458160278463805,-1.13645327124642
"135",0.458160278463805,-0.713720299840829
"136",-0.465197107073848,-0.713720299840829
"137",-0.465197107073848,-0.530434337223478
"138",-0.924680403505579,-0.530434337223478
"139",-0.924680403505579,-0.607284198808568
"140",-1.01516511610024,-0.607284198808568
"141",-1.01516511610024,-0.298226291946905
"142",-0.793994774499488,-0.298226291946905
"143",-0.793994774499488,-1.18363803310592
"144",-1.74348753039664,-1.18363803310592
"145",-1.74348753039664,-0.427753590942365
"146",-0.679299232884967,-0.427753590942365
"147",-0.679299232884967,-0.377814691758031
"148",-0.438843402205617,-0.377814691758031
"149",-0.438843402205617,-0.240564720556665
"150",-0.14275403221763,-0.240564720556665
"151",-0.14275403221763,0.157017930101688
"152",0.186460842051636,0.157017930101688
"153",0.186460842051636,-0.0702875674492191
"154",-0.110850819463158,-0.0702875674492191
"155",-0.110850819463158,0.35499351861847
"156",0.848191890036028,0.35499351861847
"157",0.848191890036028,0.66117705281409
"158",-0.0282846259658471,0.66117705281409
"159",-0.0282846259658471,0.424395344318885
"160",1.83237512122824,0.424395344318885
"161",1.83237512122824,1.88105501837865
"162",0.939817875087476,1.88105501837865
"163",0.939817875087476,0.982852633997184
"164",0.618949915010976,0.982852633997184
"165",0.618949915010976,-0.0946062785393794
"166",0.89676575315328,-0.0946062785393794
"167",0.89676575315328,-1.11368248685841
"168",-0.920018103407788,-1.11368248685841
"169",-0.920018103407788,-0.545093103467843
"170",-0.817382934580845,-0.545093103467843
"171",-0.817382934580845,-1.27114770197488
"172",-0.032089978325258,-1.27114770197488
"173",-0.032089978325258,-0.0139749414842006
"174",-1.23954108335465,-0.0139749414842006
"175",-1.23954108335465,-1.66921557451246
"176",-2.74872402978469,-1.66921557451246
"177",-2.74872402978469,-2.53572847508832
"178",-2.08136628277506,-2.53572847508832
"179",-2.08136628277506,-1.02082669209707
"180",-1.00380680396637,-1.02082669209707
"181",-1.00380680396637,-1.69030970553231
"182",-1.37863499829275,-1.69030970553231
"183",-1.37863499829275,-1.58282903753462
"184",-1.78535798223576,-1.58282903753462
"185",-1.78535798223576,-1.49969057634993
"186",-1.32865017843569,-1.49969057634993
"187",-1.32865017843569,-1.05853127114362
"188",-1.47050838425045,-1.05853127114362
"189",-1.47050838425045,-0.676705244644215
"190",-0.989381335191442,-0.676705244644215
"191",-0.989381335191442,-0.581939756784768
"192",-0.175143891182519,-0.581939756784768
"193",-0.175143891182519,-0.744830520280627
"194",0.00621710815741128,-0.744830520280627
"195",0.00621710815741128,-1.60067966210465
"196",-1.27045029408539,-1.60067966210465
"197",-1.27045029408539,-1.88230750345467
"198",-1.4419448475844,-1.88230750345467
"199",-1.4419448475844,-1.46763874509167
"200",-0.59296229703171,-1.46763874509167
"201",-0.59296229703171,-0.879826765677242
"202",-1.35576837216257,-0.879826765677242
"203",-1.35576837216257,-0.608864289551371
"204",0.47768846942852,-0.608864289551371
"205",0.47768846942852,-0.449569175396264
"206",0.155538131598677,-0.449569175396264
"207",0.155538131598677,0.24897522742375
"208",0.828498962729142,0.24897522742375
"209",0.828498962729142,0.192356517232239
"210",-0.0418026462826195,0.192356517232239
"211",-0.0418026462826195,-0.28266130724628
"212",-0.430600193638051,-0.28266130724628
"213",-0.430600193638051,-0.00547041230949113
"214",0.260721112823192,-0.00547041230949113
"215",0.260721112823192,0.143052481166084
"216",0.372771213050592,0.143052481166084
"217",0.372771213050592,0.714041302532641
"218",0.24267950067888,0.714041302532641
"219",0.24267950067888,0.760985344156581
"220",0.133254320356466,0.760985344156581
"221",0.133254320356466,0.274704140749866
"222",-0.766021359154249,0.274704140749866
"223",-0.766021359154249,-0.423969669624761
"224",0.278995806858712,-0.423969669624761
"225",0.278995806858712,1.27421744083512
"226",0.868408974178903,1.27421744083512
"227",0.868408974178903,1.78625530940014
"228",2.16964379014935,1.78625530940014
"229",2.16964379014935,0.331948035751318
"230",0.24238354573789,0.331948035751318
"231",0.24238354573789,0.198282673621448
"232",-0.180391091511297,0.198282673621448
"233",-0.180391091511297,0.520641532710102
"234",0.728797696403743,0.520641532710102
"235",0.728797696403743,0.284435532934766
"236",0.120809866180497,0.284435532934766
"237",0.120809866180497,0.751257704276484
"238",1.29684496869824,0.751257704276484
"239",1.29684496869824,1.44247855643772
"240",2.52903624950515,1.44247855643772
"241",2.52903624950515,1.18392180848968
"242",0.0274455429306936,1.18392180848968
"243",0.0274455429306936,0.263763466215098
"244",-0.0688945469099332,0.263763466215098
"245",-0.0688945469099332,0.201847475274641
"246",-0.672830820483307,0.201847475274641
"247",-0.672830820483307,-0.906584171728456
"248",-1.3225857042554,-0.906584171728456
"249",-1.3225857042554,-1.72169677966403
"250",-1.17026394628871,-1.72169677966403
"251",-1.17026394628871,0.0468322815074191
"252",-0.293081633904106,0.0468322815074191
"253",-0.293081633904106,0.764298640323767
"254",0.582616482137443,0.764298640323767
"255",0.582616482137443,0.863297966052887
"256",0.512445350640214,0.863297966052887
"257",0.512445350640214,1.40636976548246
"258",1.15937468862097,1.40636976548246
"259",1.15937468862097,-0.408950820037827
"260",0.419958887821734,-0.408950820037827
"261",0.419958887821734,-0.359209459001499
"262",0.23307062504693,-0.359209459001499
"263",0.23307062504693,-0.294332775233361
"264",-0.393632145039314,-0.294332775233361
"265",-0.393632145039314,0.135729296378745
"266",1.18572031749339,0.135729296378745
"267",1.18572031749339,1.53918683841376
"268",1.25935078989099,1.53918683841376
"269",1.25935078989099,1.20154663173603
"270",1.27470263666067,1.20154663173603
"271",1.27470263666067,0.54664575322389
"272",0.877758926475322,0.54664575322389
"273",0.877758926475322,0.750456590324472
"274",0.273972437681045,0.750456590324472
"275",0.273972437681045,0.408932292104465
"276",-0.518080044233909,0.408932292104465
"277",-0.518080044233909,-0.302375774070459
"278",-1.59936071738832,-0.302375774070459
"279",-1.59936071738832,-0.97926338351897
"280",-0.91830636165887,-0.97926338351897
"281",-0.91830636165887,-1.60792965094445
"282",-1.29564573586514,-1.60792965094445
"283",-1.29564573586514,-1.2991940763428
"284",-0.495065502559791,-1.2991940763428
"285",-0.495065502559791,0.374427662384823
"286",-0.138512469236424,0.374427662384823
"287",-0.138512469236424,-0.994411075735705
"288",-1.75214129318948,-0.994411075735705
"289",-1.75214129318948,-1.10316122886665
"290",-0.437899264739798,-1.10316122886665
"291",-0.437899264739798,-0.563342860766856
"292",-0.93701889621087,-0.563342860766856
"293",-0.93701889621087,-0.606687883049147
"294",0.417693621677039,-0.606687883049147
"295",0.417693621677039,-0.379581666170717
"296",-0.420559315930679,-0.379581666170717
"297",-0.420559315930679,0.0384246100438287
"298",-0.736100463220475,0.0384246100438287
"299",-0.736100463220475,-0.528724758255075
"300",-0.628288812315452,-0.528724758255075
"301",-0.628288812315452,-0.503839869610594
"302",-0.702115485528332,-0.503839869610594
"303",-0.702115485528332,0.0681606713652662
"304",-0.947806670749507,0.0681606713652662
"305",-0.947806670749507,-1.96686749352574
"306",-0.981524439840197,-1.96686749352574
"307",-0.981524439840197,-0.821509089514407
"308",0.0585572128300907,-0.821509089514407
"309",0.0585572128300907,1.65819392557762
"310",1.83879530336357,1.65819392557762
"311",1.83879530336357,2.0743653460951
"312",1.65890324355305,2.0743653460951
"313",1.65890324355305,0.99084757349357
"314",0.677840444513334,0.99084757349357
"315",0.677840444513334,0.512924677202892
"316",0.770615999194719,0.512924677202892
"317",0.770615999194719,-0.580292172880214
"318",-1.04331396072196,-0.580292172880214
"319",-1.04331396072196,-1.40057057952164
"320",-1.24085880951952,-1.40057057952164
"321",-1.24085880951952,-0.65898701884125
"322",0.683838699913071,-0.65898701884125
"323",0.683838699913071,1.63531278044049
"324",1.24078151367449,1.63531278044049
"325",1.24078151367449,0.458639377096568
"326",-0.0691941307830402,0.458639377096568
"327",-0.0691941307830402,0.402746025670473
"328",-0.0369117653365164,0.402746025670473
"329",-0.0369117653365164,0.40470829022278
"330",-0.196996063793582,0.40470829022278
"331",-0.196996063793582,0.347406868517288
"332",-0.232637493745245,0.347406868517288
"333",-0.232637493745245,0.373946015902775
"334",0.590732538462506,0.373946015902775
"335",0.590732538462506,0.342864491589399
"336",0.0453931846031976,0.342864491589399
"337",0.0453931846031976,-0.819909901609552
"338",-1.54852945849109,-0.819909901609552
"339",-1.54852945849109,-2.74788513987662
"340",-2.98203424548462,-2.74788513987662
"341",-2.98203424548462,-2.61179757528348
"342",-2.75394052755199,-2.61179757528348
"343",-2.75394052755199,-2.01548565862021
"344",-2.11953241118976,-2.01548565862021
"345",-2.11953241118976,-1.5530674267052
"346",-1.79371407050978,-1.5530674267052
"347",-1.79371407050978,0.030043485447407
"348",0.0739071960364552,0.030043485447407
"349",0.0739071960364552,0.21888336203884
"350",-0.282529590305779,0.21888336203884
"351",-0.282529590305779,-1.72170658550768
"352",-1.47568847600958,-1.72170658550768
"353",-1.47568847600958,-0.759423365642629
"354",-1.12057631209185,-0.759423365642629
"355",-1.12057631209185,-0.672160929302368
"356",-0.840222393772547,-0.672160929302368
"357",-0.840222393772547,-1.31692626163752
"358",-1.43331219165131,-1.31692626163752
"359",-1.43331219165131,-0.0337343662714915
"360",0.253466345568052,-0.0337343662714915
"361",0.253466345568052,0.992414018497099
"362",1.86135382762744,0.992414018497099
"363",1.86135382762744,1.25830034108239
"364",1.54371753023391,1.25830034108239
"365",1.54371753023391,1.5191592500357
"366",1.20118458352044,1.5191592500357
"367",1.20118458352044,1.9284172120977
"368",2.04653725900056,1.9284172120977
"369",2.04653725900056,1.78597339635043
"370",1.1045063542404,1.78597339635043
"371",1.1045063542404,-0.201455498307689
"372",-0.320886458127474,-0.201455498307689
"373",-0.320886458127474,0.204705229508828
"374",0.209798391450063,0.204705229508828
"375",0.209798391450063,0.214995569241546
"376",0.80985410563918,0.214995569241546
"377",0.80985410563918,0.857401348042822
"378",1.13917902359404,0.857401348042822
"379",1.13917902359404,0.536941134415607
"380",0.176728672510758,0.536941134415607
"381",0.176728672510758,0.499000315650752
"382",-0.434792128611393,0.499000315650752
"383",-0.434792128611393,-1.92863470517951
"384",-2.02706835130828,-1.92863470517951
"385",-2.02706835130828,-1.56649666740693
"386",0.169411019192178,-1.56649666740693
"387",0.169411019192178,0.130287512187098
"388",1.37752314139234,0.130287512187098
"389",1.37752314139234,0.691480143020463
"390",0.305364431403626,0.691480143020463
"391",0.305364431403626,-0.270318342207503
"392",0.366284455655577,-0.270318342207503
"393",0.366284455655577,-0.345497599459
"394",0.624051986685722,-0.345497599459
"395",0.624051986685722,0.216817337781809
"396",1.10316952681118,0.216817337781809
"397",1.10316952681118,0.936508358498839
"398",-0.36651815699052,0.936508358498839
"399",-0.36651815699052,-1.13837666455513
"400",-0.841441166534067,-1.13837666455513
"401",-0.841441166534067,-0.961549350459457
"402",-0.0271960290641152,-0.961549350459457
"403",-0.0271960290641152,-1.23101770720818
"404",-0.646702147271082,-1.23101770720818
"405",-0.646702147271082,-0.54347385115782
"406",-0.158510206056763,-0.54347385115782
"407",-0.158510206056763,0.0427841496335858
"408",0.670246553959514,0.0427841496335858
"409",0.670246553959514,0.864430876029741
"410",0.82361462165464,0.864430876029741
"411",0.82361462165464,-0.486928810398976
"412",0.280770411453555,-0.486928810398976
"413",0.280770411453555,-0.74014245567247
"414",-1.45833405746097,-0.74014245567247
"415",-1.45833405746097,-1.35539778785041
"416",-0.624458676280468,-1.35539778785041
"417",-0.624458676280468,-0.394648159601303
"418",0.474391088602543,-0.394648159601303
"419",0.474391088602543,0.954664272048088
"420",1.15234577316106,0.954664272048088
"421",1.15234577316106,0.977367870491263
"422",0.535130008731671,0.977367870491263
"423",0.535130008731671,0.63608168241505
"424",0.299477508979741,0.63608168241505
"425",0.299477508979741,0.119340717662586
"426",0.331429027610055,0.119340717662586
"427",0.331429027610055,-0.846445192502802
"428",-0.0790045071597715,-0.846445192502802
"429",-0.0790045071597715,-0.351831670860783
"430",-0.458738850807495,-0.351831670860783
"431",-0.458738850807495,-0.552417127607599
"432",-0.671737856437524,-0.552417127607599
"433",-0.671737856437524,0.0769117238284518
"434",0.877817201088673,0.0769117238284518
"435",0.877817201088673,0.278754393084081
"436",-0.1426171570142,0.278754393084081
"437",-0.1426171570142,-0.181299380890233
"438",0.398470797963156,-0.181299380890233
"439",0.398470797963156,-0.0369640072423315
"440",1.25692759017273,-0.0369640072423315
"441",1.25692759017273,1.45468370721496
"442",0.171291870974039,1.45468370721496
"443",0.171291870974039,-0.449712991096458
"444",-0.568190965954905,-0.449712991096458
"445",-0.568190965954905,-0.519193056752379
"446",-0.65692995190416,-0.519193056752379
"447",-0.65692995190416,-1.16491417826022
"448",-0.404817564741121,-1.16491417826022
"449",-0.404817564741121,-0.0475234535576919
"450",-0.68519192676865,-0.0475234535576919
"451",-0.68519192676865,-0.161309122699498
"452",0.234191844163295,-0.161309122699498
"453",0.234191844163295,0.220397319514199
"454",0.173014577476362,0.220397319514199
"455",0.173014577476362,0.0787209431346945
"456",-0.07236995245355,0.0787209431346945
"457",-0.07236995245355,-0.673498717704104
"458",-0.978210364577267,-0.673498717704104
"459",-0.978210364577267,-1.62583995890446
"460",-1.97235771810099,-1.62583995890446
"461",-1.97235771810099,-1.46619221454433
"462",-1.36169192345381,-1.46619221454433
"463",-1.36169192345381,-1.14261396186212
"464",-1.01064257986475,-1.14261396186212
"465",-1.01064257986475,-1.97028065547508
"466",0.0748286398559252,-1.97028065547508
"467",0.0748286398559252,0.835305458616384
"468",0.527907334675212,0.835305458616384
"469",0.527907334675212,0.306442059507743
"470",0.182742335501889,0.306442059507743
"471",0.182742335501889,-0.342761765797012
"472",-0.339354871542233,-0.342761765797012
"473",-0.339354871542233,-1.21296979501277
"474",-0.84310730259948,-1.21296979501277
"475",-0.84310730259948,0.33277916421438
"476",0.493629122831212,0.33277916421438
"477",0.493629122831212,-0.00614793279071968
"478",1.03186592890507,-0.00614793279071968
"479",1.03186592890507,1.84152534270141
"480",1.00099338788593,1.84152534270141
"481",1.00099338788593,-0.323887615701798
"482",-0.24479850525326,-0.323887615701798
"483",-0.24479850525326,0.715233793864071
"484",0.892873124766307,0.715233793864071
"485",0.892873124766307,-0.0989814004706446
"486",0.089368918821894,-0.0989814004706446
"487",0.089368918821894,0.180754925127623
"488",-0.00933617487145977,0.180754925127623
"489",-0.00933617487145977,0.507577688415313
"490",0.440304115353749,0.507577688415313
"491",0.440304115353749,-0.525255390867359
"492",-1.8159036152784,-0.525255390867359
"493",-1.8159036152784,0.0848641173148299
"494",-0.31570123176077,0.0848641173148299
"495",-0.31570123176077,0.171044746296838
"496",0.51326012994987,0.171044746296838
"497",0.51326012994987,-0.46855477762576
"498",-0.0454714276081976,-0.46855477762576
"499",-0.0454714276081976,1.10039475603822
"500",1.42147890613567,1.10039475603822
"501",1.42147890613567,0.726277648975664
"502",0.334982823880031,0.726277648975664
"503",0.334982823880031,-0.832620399363132
"504",-0.8804018926708,-0.832620399363132
"505",-0.8804018926708,-0.75324868235698
"506",-0.936895238027475,-0.75324868235698
"507",-0.936895238027475,-1.81649573630267
"508",-1.42999208598357,-1.81649573630267
"509",-1.42999208598357,-0.181952585153333
"510",0.111422651994138,-0.181952585153333
"511",0.111422651994138,-0.103869114093308
"512",0.0121046271057135,-0.103869114093308
"513",0.0121046271057135,-1.08905134289731
"514",-0.221358432989479,-1.08905134289731
"515",-0.221358432989479,-0.442477506092489
"516",-0.226180611500374,-0.442477506092489
"517",-0.226180611500374,-0.438385293753414
"518",0.316907212170416,-0.438385293753414
"519",0.316907212170416,0.885948479689903
"520",0.824068351334236,0.885948479689903
"521",0.824068351334236,0.553866468972514
"522",0.779945574978429,0.553866468972514
"523",0.779945574978429,1.37456897567156
"524",0.848029054660412,1.37456897567156
"525",0.848029054660412,-0.2005205826302
"526",-0.732401512877912,-0.2005205826302
"527",-0.732401512877912,0.244633907176055
"528",-0.384224931019366,0.244633907176055
"529",-0.384224931019366,-0.308622725222243
"530",0.0582779069164314,-0.308622725222243
"531",0.0582779069164314,0.254427475856825
"532",-0.634622592831136,0.254427475856825
"533",-0.634622592831136,-0.195620038113605
"534",-0.366394103373717,-0.195620038113605
"535",-0.366394103373717,0.0250602006665363
"536",-0.133772961693605,0.0250602006665363
"537",-0.133772961693605,-1.07739015398352
"538",0.0722034586531359,-1.07739015398352
"539",0.0722034586531359,0.550403561713948
"540",0.563979574440429,0.550403561713948
"541",0.563979574440429,-0.567228040469005
"542",-0.554784365084068,-0.567228040469005
"543",-0.554784365084068,0.0530891710650411
"544",0.0710570955427646,0.0530891710650411
"545",0.0710570955427646,-0.432708861651776
"546",0.210209409528176,-0.432708861651776
"547",0.210209409528176,0.811457606562037
"548",1.11418971456492,0.811457606562037
"549",1.11418971456492,0.280300907119159
"550",-0.721150586326334,0.280300907119159
"551",-0.721150586326334,0.589339069793033
"552",1.35907807770913,0.589339069793033
"553",1.35907807770913,2.03592535854464
"554",1.31992490795889,2.03592535854464
"555",1.31992490795889,0.511674888164881
"556",1.7646214262436,0.511674888164881
"557",1.7646214262436,1.43616102275386
"558",1.29464817182412,1.43616102275386
"559",1.29464817182412,0.82775492222864
"560",1.29059149459416,0.82775492222864
"561",1.29059149459416,0.872212351222439
"562",0.204703221884417,0.872212351222439
"563",0.204703221884417,0.185146362862457
"564",1.03796920471208,0.185146362862457
"565",1.03796920471208,1.04713847450304
"566",1.21196642949177,1.04713847450304
"567",1.21196642949177,0.423423742170236
"568",-1.19536015022954,0.423423742170236
"569",-1.19536015022954,0.0427458345690479
"570",-0.541552052881969,0.0427458345690479
"571",-0.541552052881969,-0.743363503652989
"572",-0.597469585844806,-0.743363503652989
"573",-0.597469585844806,-0.739243601501681
"574",-0.062342251320412,-0.739243601501681
"575",-0.062342251320412,0.24860621572999
"576",-0.313483110026044,0.24860621572999
"577",-0.313483110026044,0.0742157761593126
"578",0.390220827752685,0.0742157761593126
"579",0.390220827752685,0.22948706457643
"580",-0.202720554481301,0.22948706457643
"581",-0.202720554481301,-0.94244981949075
"582",-1.50667095608959,-0.94244981949075
"583",-1.50667095608959,-0.101220379427765
"584",-0.476287548928685,-0.101220379427765
"585",-0.476287548928685,-0.546328289203629
"586",0.452631869499629,-0.546328289203629
"587",0.452631869499629,0.357096508018394
"588",0.339822479104323,0.357096508018394
"589",0.339822479104323,-0.851339081902001
"590",-1.99896215581099,-0.851339081902001
"591",-1.99896215581099,-2.22472059162807
"592",-1.45269521280297,-2.22472059162807
"593",-1.45269521280297,-1.86083508794776
"594",-1.01059601315776,-1.86083508794776
"595",-1.01059601315776,-0.958653918624558
"596",-1.43425106266038,-0.958653918624558
"597",-1.43425106266038,-1.31129764718545
"598",-1.65710889578662,-1.31129764718545
"599",-1.65710889578662,-0.802388135779501
"600",-1.27525928032618,-0.802388135779501
"601",-1.27525928032618,-0.511398624280596
"602",-0.228339383127893,-0.511398624280596
"603",-0.228339383127893,-0.592043560099681
"604",-0.778375981796505,-0.592043560099681
"605",-0.778375981796505,-1.24038011718635
"606",-1.16380553031431,-1.24038011718635
"607",-1.16380553031431,-1.93676950626213
"608",-1.8479090713928,-1.93676950626213
"609",-1.8479090713928,-1.71046579108515
"610",-1.34229743515954,-1.71046579108515
"611",-1.34229743515954,-1.46693934676845
"612",-1.26156070151621,-1.46693934676845
"613",-1.26156070151621,-0.957813969154197
"614",-1.34322796142913,-0.957813969154197
"615",-1.34322796142913,-0.798801928048943
"616",-0.948835330643973,-0.798801928048943
"617",-0.948835330643973,-1.20024217338605
"618",-0.0777235153627911,-1.20024217338605
"619",-0.0777235153627911,0.536185151598866
"620",1.21313776666861,0.536185151598866
"621",1.21313776666861,1.03126251652465
"622",1.77155461082657,1.03126251652465
"623",1.77155461082657,3.19696537619638
"624",2.38136367502841,3.19696537619638
"625",2.38136367502841,2.71143396952648
"626",1.71927218261264,2.71143396952648
"627",1.71927218261264,0.956142023584551
"628",-0.0163568777646329,0.956142023584551
"629",-0.0163568777646329,-0.116141202929424
"630",0.333855385616791,-0.116141202929424
"631",0.333855385616791,0.169982233434593
"632",0.25825324200887,0.169982233434593
"633",0.25825324200887,0.395137743779963
"634",0.445816317099766,0.395137743779963
"635",0.445816317099766,0.506431889248828
"636",-0.56141935396231,0.506431889248828
"637",-0.56141935396231,-0.719829345502479
"638",-1.53586422471824,-0.719829345502479
"639",-1.53586422471824,-1.31617898487081
"640",-0.337720274519281,-1.31617898487081
"641",-0.337720274519281,-0.098762964776661
"642",0.491670341376068,-0.098762964776661
"643",0.491670341376068,-0.185891912297039
"644",-0.814368218068226,-0.185891912297039
"645",-0.814368218068226,-1.02158408600633
"646",-1.51351802469553,-1.02158408600633
"647",-1.51351802469553,-1.04771785650371
"648",-2.01716971060063,-1.04771785650371
"649",-2.01716971060063,-1.73356177834232
"650",-0.311508640039557,-1.73356177834232
"651",-0.311508640039557,-0.296847682327859
"652",0.221359052572691,-0.296847682327859
"653",0.221359052572691,0.573326481960837
"654",-0.554483730912982,0.573326481960837
"655",-0.554483730912982,-0.701571559147815
"656",-0.517552451805329,-0.701571559147815
"657",-0.517552451805329,0.473830148465901
"658",0.272007625356078,0.473830148465901
"659",0.272007625356078,-0.506343765012945
"660",-0.169882795887479,-0.506343765012945
"661",-0.169882795887479,-0.163835762816122
"662",0.440447964812643,-0.163835762816122
"663",0.440447964812643,0.647951919015974
"664",0.703095446740656,0.647951919015974
"665",0.703095446740656,-0.438316063790811
"666",0.236471993487136,-0.438316063790811
"667",0.236471993487136,-0.325110886471879
"668",-0.525459376327534,-0.325110886471879
"669",-0.525459376327534,-0.118102700153683
"670",-0.207613913885794,-0.118102700153683
"671",-0.207613913885794,-0.479121371023204
"672",-0.256161741723227,-0.479121371023204
"673",-0.256161741723227,-0.616764576588684
"674",-1.02397267337223,-0.616764576588684
"675",-1.02397267337223,-0.854919799367534
"676",-2.16943673333978,-0.854919799367534
"677",-2.16943673333978,-1.39602518672933
"678",-1.67207730021864,-1.39602518672933
"679",-1.67207730021864,-1.90226584507287
"680",-1.63606449383035,-1.90226584507287
"681",-1.63606449383035,-1.23199773278176
"682",-1.02632725153832,-1.23199773278176
"683",-1.02632725153832,0.0616954003875558
"684",0.689965603976881,0.0616954003875558
"685",0.689965603976881,0.689897405820361
"686",0.548322414075859,0.689897405820361
"687",0.548322414075859,-0.262259093412507
"688",-0.750874934450416,-0.262259093412507
"689",-0.750874934450416,-0.406775184539164
"690",-0.332816108138175,-0.406775184539164
"691",-0.332816108138175,0.0662298210565395
"692",0.0906007058131251,0.0662298210565395
"693",0.0906007058131251,-0.313317407107528
"694",-0.449436228848139,-0.313317407107528
"695",-0.449436228848139,-0.519854017779179
"696",-0.564539567306158,-0.519854017779179
"697",-0.564539567306158,0.014808408943509
"698",0.218190862394288,0.014808408943509
"699",0.218190862394288,0.692808579955539
"700",1.06936709164392,0.692808579955539
"701",1.06936709164392,1.26787783052296
"702",0.234715521510532,1.26787783052296
"703",0.234715521510532,0.550067125300719
"704",-0.534062501315876,0.550067125300719
"705",-0.534062501315876,-0.799544700513694
"706",-0.25347512853379,-0.799544700513694
"707",-0.25347512853379,-0.890179782301191
"708",-0.2056293823041,-0.890179782301191
"709",-0.2056293823041,-0.190247382818074
"710",-0.454798812210989,-0.190247382818074
"711",-0.454798812210989,-0.629802223557866
"712",0.745989637462625,-0.629802223557866
"713",0.745989637462625,1.71211658157132
"714",1.92564968062617,1.71211658157132
"715",1.92564968062617,1.7177689746841
"716",1.21441765668028,1.7177689746841
"717",1.21441765668028,1.41696667867503
"718",1.08501295991303,1.41696667867503
"719",1.08501295991303,1.42937732044448
"720",0.642379660206217,1.42937732044448
"721",0.642379660206217,0.0667901869569201
"722",0.870443267112872,0.0667901869569201
"723",0.870443267112872,0.512664396298236
"724",0.937194066327218,0.512664396298236
"725",0.937194066327218,0.0893679308581143
"726",-0.221975209567052,0.0893679308581143
"727",-0.221975209567052,-0.987724046656395
"728",-0.317511522867682,-0.987724046656395
"729",-0.317511522867682,0.240036185446053
"730",-0.215562167402889,0.240036185446053
"731",-0.215562167402889,0.185856328879998
"732",-0.554014404678439,0.185856328879998
"733",-0.554014404678439,0.778990995626447
"734",0.358773852192456,0.778990995626447
"735",0.358773852192456,0.11995484202684
"736",0.258400691119511,0.11995484202684
"737",0.258400691119511,0.447316898822787
"738",0.402189755819487,0.447316898822787
"739",0.402189755819487,-0.302842991499844
"740",-1.11439540918065,-0.302842991499844
"741",-1.11439540918065,-0.750613381058092
"742",0.0293153101857013,-0.750613381058092
"743",0.0293153101857013,0.228293015881375
"744",-0.412972986258752,0.228293015881375
"745",-0.412972986258752,-1.30082833395011
"746",-1.30726907659107,-1.30082833395011
"747",-1.30726907659107,-1.67925561678729
"748",-2.24278704693464,-1.67925561678729
"749",-2.24278704693464,-1.68713015885896
"750",-1.92407599809474,-1.68713015885896
"751",-1.92407599809474,-0.750620633118429
"752",-0.582195972355495,-0.750620633118429
"753",-0.582195972355495,-0.422512499384756
"754",-0.0049963748923651,-0.422512499384756
"755",-0.0049963748923651,-0.441888375887942
"756",0.304312198069373,-0.441888375887942
"757",0.304312198069373,1.04492554183987
"758",1.08280407523174,1.04492554183987
"759",1.08280407523174,1.84597808688305
"760",1.6228227767942,1.84597808688305
"761",1.6228227767942,1.29639357450725
"762",0.593815210792536,1.29639357450725
"763",0.593815210792536,-0.585687050595034
"764",0.607984819957223,-0.585687050595034
"765",0.607984819957223,1.25531445897165
"766",1.08127408503323,1.25531445897165
"767",1.08127408503323,0.73608211377574
"768",0.36665046458684,0.73608211377574
"769",0.36665046458684,-0.401833770300692
"770",-1.20846418640391,-0.401833770300692
"771",-1.20846418640391,-1.85215240732423
"772",-1.09097118181077,-1.85215240732423
"773",-1.09097118181077,-0.928185475066982
"774",-0.962899781833841,-0.928185475066982
"775",-0.962899781833841,-0.280029947276871
"776",0.517338748645212,-0.280029947276871
"777",0.517338748645212,0.615629241583792
"778",0.631342323643113,0.615629241583792
"779",0.631342323643113,0.532846441289358
"780",0.238122499681872,0.532846441289358
"781",0.238122499681872,-0.453493898351611
"782",-0.40078384090681,-0.453493898351611
"783",-0.40078384090681,0.228437891213054
"784",-0.822272964857728,0.228437891213054
"785",-0.822272964857728,-0.106914222075925
"786",0.528621898107869,-0.106914222075925
"787",0.528621898107869,-0.120062079217382
"788",-1.24892040890899,-0.120062079217382
"789",-1.24892040890899,-1.08117636994096
"790",-0.0465683318512405,-1.08117636994096
"791",-0.0465683318512405,0.432770317373923
"792",0.662631237246684,0.432770317373923
"793",0.662631237246684,0.0819201702946912
"794",1.09234696242575,0.0819201702946912
"795",1.09234696242575,0.783126866597569
"796",1.53791019071194,0.783126866597569
"797",1.53791019071194,0.990426123518532
"798",-0.415317760748811,0.990426123518532
"799",-0.415317760748811,0.0963010175871393
"800",-1.07944777936661,0.0963010175871393
"801",-1.07944777936661,-1.38760465771369
"802",-1.32670910060996,-1.38760465771369
"803",-1.32670910060996,-2.0261058874381
"804",-2.08708074175125,-2.0261058874381
"805",-2.08708074175125,-1.86218819472111
"806",-2.27784280933472,-1.86218819472111
"807",-2.27784280933472,-1.88737792770723
"808",-2.12046933234174,-1.88737792770723
"809",-2.12046933234174,-0.915956980595011
"810",-0.00307546107077961,-0.915956980595011
"811",-0.00307546107077961,-0.630512534868956
"812",-0.430038111506511,-0.630512534868956
"813",-0.430038111506511,-1.00794554021348
"814",-0.511793398075539,-1.00794554021348
"815",-0.511793398075539,-1.41839210685286
"816",-1.23764011689053,-1.41839210685286
"817",-1.23764011689053,-0.556251330288689
"818",-0.911348143870655,-0.556251330288689
"819",-0.911348143870655,-0.78497199427854
"820",-0.527394935718566,-0.78497199427854
"821",-0.527394935718566,-0.804696545712971
"822",-0.706178871876861,-0.804696545712971
"823",-0.706178871876861,-0.18576235838134
"824",-1.16122681267215,-0.18576235838134
"825",-1.16122681267215,-1.2396808141159
"826",-0.939832628297647,-1.2396808141159
"827",-0.939832628297647,0.568109063838126
"828",0.91103862728951,0.568109063838126
"829",0.91103862728951,-0.145038002689491
"830",-1.18096742377895,-0.145038002689491
"831",-1.18096742377895,-0.767263836263205
"832",-0.00255666362586726,-0.767263836263205
"833",-0.00255666362586726,-0.388440904739882
"834",-0.977708589452573,-0.388440904739882
"835",-0.977708589452573,0.0929477220479831
"836",0.13626970104568,0.0929477220479831
"837",0.13626970104568,-0.274038194133276
"838",-0.234456789179357,-0.274038194133276
"839",-0.234456789179357,-0.968335785583827
"840",-0.567852675809155,-0.968335785583827
"841",-0.567852675809155,-1.27060872759171
"842",-0.875023641407384,-1.27060872759171
"843",-0.875023641407384,0.759511960640518
"844",0.395880442194469,0.759511960640518
"845",0.395880442194469,0.164659769518828
"846",0.0845202008468653,0.164659769518828
"847",0.0845202008468653,-0.654715480861788
"848",-0.251249112952328,-0.654715480861788
"849",-0.251249112952328,0.200797512523263
"850",-0.0808453992168753,0.200797512523263
"851",-0.0808453992168753,0.39073940492774
"852",1.08169585007555,0.39073940492774
"853",1.08169585007555,1.34751532007942
"854",0.355562682907181,1.34751532007942
"855",0.355562682907181,-0.211259828782728
"856",-0.595629296061512,-0.211259828782728
"857",-0.595629296061512,-0.214721511501728
"858",0.441378438698322,-0.214721511501728
"859",0.441378438698322,0.135508439266544
"860",-0.0705720467702906,0.135508439266544
"861",-0.0705720467702906,0.383620173800736
"862",0.511297008360319,0.383620173800736
"863",0.511297008360319,-0.254746568741422
"864",-1.42979428762442,-0.254746568741422
"865",-1.42979428762442,-1.35917834658672
"866",-0.730102831986704,-1.35917834658672
"867",-0.730102831986704,-0.358810909199654
"868",0.434231786166886,-0.358810909199654
"869",0.434231786166886,0.673530529469827
"870",0.711900843266156,0.673530529469827
"871",0.711900843266156,0.169946486466016
"872",0.0450921698392523,0.169946486466016
"873",0.0450921698392523,-0.35978352222484
"874",-1.47635224072102,-0.35978352222484
"875",-1.47635224072102,-2.27596943407793
"876",-1.97395592772565,-2.27596943407793
"877",-1.97395592772565,-2.07523030814587
"878",-0.740688586998739,-2.07523030814587
"879",-0.740688586998739,0.430390843145257
"880",0.215318872976083,0.430390843145257
"881",0.215318872976083,1.19551929277016
"882",1.17953743233908,1.19551929277016
"883",1.17953743233908,0.7850561717817
"884",2.1299808448267,0.7850561717817
"885",2.1299808448267,2.14540834820666
"886",1.05635263698684,2.14540834820666
"887",1.05635263698684,0.0695884933907207
"888",0.8051761761731,0.0695884933907207
"889",0.8051761761731,0.763112230759333
"890",0.187549682537454,0.763112230759333
"891",0.187549682537454,0.380853331379639
"892",-0.141993778739726,0.380853331379639
"893",-0.141993778739726,-0.164901086586999
"894",-0.588417155000164,-0.164901086586999
"895",-0.588417155000164,-0.117838584357603
"896",-0.387542715938101,-0.117838584357603
"897",-0.387542715938101,-0.784466450566925
"898",-0.515418348486887,-0.784466450566925
"899",-0.515418348486887,0.381607124825576
"900",0.153941787064408,0.381607124825576
"901",0.153941787064408,0.35982201598793
"902",1.02071025532033,0.35982201598793
"903",1.02071025532033,0.438031882098015
"904",0.246754508160943,0.438031882098015
"905",0.246754508160943,0.551643757982173
"906",0.732739506605272,0.551643757982173
"907",0.732739506605272,0.378908603537145
"908",0.535513494434635,0.378908603537145
"909",0.535513494434635,0.431152869633623
"910",0.575634458289524,0.431152869633623
"911",0.575634458289524,-0.386776401319751
"912",-1.02702743882714,-0.386776401319751
"913",-1.02702743882714,-0.792847725017019
"914",-0.380893325456882,-0.792847725017019
"915",-0.380893325456882,0.343808026120796
"916",0.231825781945993,0.343808026120796
"917",0.231825781945993,-0.266264605419933
"918",-0.546466133527933,-0.266264605419933
"919",-0.546466133527933,-1.22015188510226
"920",-1.04335324789477,-1.22015188510226
"921",-1.04335324789477,-0.614462266343467
"922",-0.68779726194214,-0.614462266343467
"923",-0.68779726194214,-0.752104756999207
"924",-0.834876685233282,-0.752104756999207
"925",-0.834876685233282,0.340644688382665
"926",0.696863230117254,0.340644688382665
"927",0.696863230117254,1.17580109940141
"928",1.1236762825575,1.17580109940141
"929",1.1236762825575,0.225750490266628
"930",0.106858908589122,0.225750490266628
"931",0.106858908589122,-0.330747093969635
"932",0.260949032606453,-0.330747093969635
"933",0.260949032606453,-0.447781202412416
"934",0.196776003656885,-0.447781202412416
"935",0.196776003656885,0.0196778424392357
"936",0.150898123797063,0.0196778424392357
"937",0.150898123797063,-0.0808256724327758
"938",0.666328486453815,-0.0808256724327758
"939",0.666328486453815,0.475380592311747
"940",0.452645310746716,0.475380592311747
"941",0.452645310746716,0.965046410232949
"942",0.377614517795623,0.965046410232949
"943",0.377614517795623,0.545195324630246
"944",0.97031859414015,0.545195324630246
"945",0.97031859414015,1.64568159901392
"946",2.14629884332443,1.64568159901392
"947",2.14629884332443,2.42269273925348
"948",0.900275092851675,2.42269273925348
"949",0.900275092851675,0.783009546136186
"950",-0.266167962177852,0.783009546136186
"951",-0.266167962177852,-1.25877457049335
"952",-1.31357095936774,-1.25877457049335
"953",-1.31357095936774,-1.09123283502877
"954",-0.91135109169194,-1.09123283502877
"955",-0.91135109169194,-2.04689455792958
"956",-0.973828958728538,-2.04689455792958
"957",-0.973828958728538,0.136613269602923
"958",-0.303009001298205,0.136613269602923
"959",-0.303009001298205,0.454148734840744
"960",0.10827352301628,0.454148734840744
"961",0.10827352301628,0.0502219663222662
"962",-1.09981102475513,0.0502219663222662
"963",-1.09981102475513,-0.148426319437065
"964",0.421926008815123,-0.148426319437065
"965",0.421926008815123,0.831483063413598
"966",1.7945126460392,0.831483063413598
"967",1.7945126460392,1.57865383975352
"968",1.00539262325721,1.57865383975352
"969",1.00539262325721,-0.274223217791481
"970",0.660996172317199,-0.274223217791481
"971",0.660996172317199,1.14700725658333
"972",1.45330847271017,1.14700725658333
"973",1.45330847271017,1.99999905774222
"974",1.84989185818398,1.99999905774222
"975",1.84989185818398,2.40698549678042
"976",2.32454576729245,2.40698549678042
"977",2.32454576729245,2.28341589103419
"978",3.48230849567651,2.28341589103419
"979",3.48230849567651,2.75482682098647
"980",1.70006065644059,2.75482682098647
"981",1.70006065644059,2.29324399881021
"982",1.92415007947971,2.29324399881021
"983",1.92415007947971,0.528529403249409
"984",0.080852841388642,0.528529403249409
"985",0.080852841388642,0.357837825293929
"986",0.268730442424395,0.357837825293929
"987",0.268730442424395,-1.12796869095203
"988",-2.17271764376934,-1.12796869095203
"989",-2.17271764376934,-1.6465744597609
"990",-2.12941323614364,-1.6465744597609
"991",-2.12941323614364,-1.82740245549295
"992",-2.184393455662,-1.82740245549295
"993",-2.184393455662,-2.00962716036871
"994",-1.57941229861291,-2.00962716036871
"995",-1.57941229861291,0.223848449431303
"996",-0.594130859742583,0.223848449431303
"997",-0.594130859742583,-0.135777178389811
"998",-0.402101848166742,-0.135777178389811
"999",-0.402101848166742,0.0215035029625382
"1000",-0.302766017321826,0.0215035029625382
"1001",-0.302766017321826,0.216627012098366
"1002",-0.875843838301652,0.216627012098366
"1003",-0.875843838301652,-1.1386303479511
"1004",-0.913587720593808,-1.1386303479511
"1005",-0.913587720593808,-0.409274673765046
"1006",-0.340092938037654,-0.409274673765046
"1007",-0.340092938037654,-0.673883937402917
"1008",-0.572968021202622,-0.673883937402917
"1009",-0.572968021202622,-0.586221822706589
"1010",-0.20924193307026,-0.586221822706589
"1011",-0.20924193307026,-0.206825861797061
"1012",-1.52883893374325,-0.206825861797061
"1013",-1.52883893374325,-1.85082080772115
"1014",-1.76768743782169,-1.85082080772115
"1015",-1.76768743782169,-1.87360499808986
"1016",-1.5551272867147,-1.87360499808986
"1017",-1.5551272867147,-1.9275425018982
"1018",-1.95693636401879,-1.9275425018982
"1019",-1.95693636401879,-3.72347926324265
"1020",-2.70094250605111,-3.72347926324265
"1021",-2.70094250605111,-3.34055127752482
"1022",-1.93881871178357,-3.34055127752482
"1023",-1.93881871178357,-1.40866711050859
"1024",-1.736524612436,-1.40866711050859
"1025",-1.736524612436,-1.00500045699248
"1026",-1.51880975468916,-1.00500045699248
"1027",-1.51880975468916,-1.0945968896116
"1028",-0.368177016396917,-1.0945968896116
"1029",-0.368177016396917,0.826099546451813
"1030",1.59843895819962,0.826099546451813
"1031",1.59843895819962,1.77202847509615
"1032",1.20031276737326,1.77202847509615
"1033",1.20031276737326,-0.0568033214238073
"1034",-0.188220246106901,-0.0568033214238073
"1035",-0.188220246106901,-0.174633206402537
"1036",0.322188944224526,-0.174633206402537
"1037",0.322188944224526,0.556045658331269
"1038",-0.320265784782889,0.556045658331269
"1039",-0.320265784782889,-0.446617834187667
"1040",-0.441855328887821,-0.446617834187667
"1041",-0.441855328887821,0.0349048629959823
"1042",-0.105298529835193,0.0349048629959823
"1043",-0.105298529835193,-0.677488063123755
"1044",-0.232338020545387,-0.677488063123755
"1045",-0.232338020545387,-0.715702096310074
"1046",-1.01536847719075,-0.715702096310074
"1047",-1.01536847719075,-0.322606426943892
"1048",-0.882822106581556,-0.322606426943892
"1049",-0.882822106581556,-0.363740563752776
"1050",-0.68545586540091,-0.363740563752776
"1051",-0.68545586540091,-0.743363166187049
"1052",-0.58015413877299,-0.743363166187049
"1053",-0.58015413877299,-0.78797067149081
"1054",-0.208611135534424,-0.78797067149081
"1055",-0.208611135534424,0.433734066519986
"1056",0.435090883917748,0.433734066519986
"1057",0.435090883917748,0.0341516409264712
"1058",0.450351658709577,0.0341516409264712
"1059",0.450351658709577,0.926662614348412
"1060",1.5612330075206,0.926662614348412
"1061",1.5612330075206,0.479161626537565
"1062",0.97427454347532,0.479161626537565
"1063",0.97427454347532,0.439979093173337
"1064",0.961142573110709,0.439979093173337
"1065",0.961142573110709,0.652590174844107
"1066",0.52638663639556,0.652590174844107
"1067",0.52638663639556,0.177003290950309
"1068",0.894414439103268,0.177003290950309
"1069",0.894414439103268,0.839233618250976
"1070",0.409003791535345,0.839233618250976
"1071",0.409003791535345,0.0406875219526425
"1072",0.239620109030386,0.0406875219526425
"1073",0.239620109030386,1.02824008909633
"1074",0.672718327901531,1.02824008909633
"1075",0.672718327901531,0.377262200082414
"1076",0.681970585521905,0.377262200082414
"1077",0.681970585521905,-0.460515233453013
"1078",0.670458934486249,-0.460515233453013
"1079",0.670458934486249,0.777724211555608
"1080",0.429547369988866,0.777724211555608
"1081",0.429547369988866,-0.920063945675881
"1082",-1.30327551700694,-0.920063945675881
"1083",-1.30327551700694,-1.50210975181544
"1084",-0.401016846679671,-1.50210975181544
"1085",-0.401016846679671,-0.342381508981875
"1086",-0.148780581671008,-0.342381508981875
"1087",-0.148780581671008,-1.65445667773354
"1088",-0.97049354352512,-1.65445667773354
"1089",-0.97049354352512,-1.49261501932658
"1090",-0.439816986795489,-1.49261501932658
"1091",-0.439816986795489,-0.438894992639078
"1092",-1.20147722493279,-0.438894992639078
"1093",-1.20147722493279,-0.709224448192299
"1094",-0.803846837974757,-0.709224448192299
"1095",-0.803846837974757,-0.337633023814453
"1096",-0.25549645016734,-0.337633023814453
"1097",-0.25549645016734,-0.055264578784876
"1098",0.591673393585435,-0.055264578784876
"1099",0.591673393585435,0.25607905591442
"1100",-0.138586826075788,0.25607905591442
"1101",-0.138586826075788,-0.639629325851839
"1102",0.619143767598648,-0.639629325851839
"1103",0.619143767598648,0.616305316281327
"1104",0.617997111338912,0.616305316281327
"1105",0.617997111338912,0.222215979698325
"1106",0.0748960906268304,0.222215979698325
"1107",0.0748960906268304,-0.244021085869199
"1108",1.10684037613146,-0.244021085869199
"1109",1.10684037613146,0.484775577691611
"1110",1.08532898278509,0.484775577691611
"1111",1.08532898278509,0.588988672719173
"1112",2.06666380208561,0.588988672719173
"1113",2.06666380208561,1.41301826220476
"1114",0.543014271203939,1.41301826220476
"1115",0.543014271203939,0.15826648403869
"1116",-0.446084851064459,0.15826648403869
"1117",-0.446084851064459,0.279138689509437
"1118",0.904438406455555,0.279138689509437
"1119",0.904438406455555,0.0713982933776004
"1120",1.01986716815499,0.0713982933776004
"1121",1.01986716815499,0.596456440493876
"1122",-0.482719702483598,0.596456440493876
"1123",-0.482719702483598,-1.03934805628218
"1124",-1.40217867493813,-1.03934805628218
"1125",-1.40217867493813,-1.55084800209187
"1126",-0.220330919130683,-1.55084800209187
"1127",-0.220330919130683,0.839243572484341
"1128",-0.142971330427553,0.839243572484341
"1129",-0.142971330427553,-0.756660427150983
"1130",-0.698609683134898,-0.756660427150983
"1131",-0.698609683134898,0.0611237119190303
"1132",-0.585631082194029,0.0611237119190303
"1133",-0.585631082194029,-1.1372020749674
"1134",-1.2239456823739,-1.1372020749674
"1135",-1.2239456823739,-0.582517380179754
"1136",-1.06606742957769,-0.582517380179754
"1137",-1.06606742957769,-0.897460575891259
"1138",-0.107816161975511,-0.897460575891259
"1139",-0.107816161975511,0.888669958915344
"1140",1.17422316095163,0.888669958915344
"1141",1.17422316095163,0.0194290708654918
"1142",0.477484412526918,0.0194290708654918
"1143",0.477484412526918,-0.382622005384358
"1144",-0.221427670060501,-0.382622005384358
"1145",-0.221427670060501,-1.01915483643386
"1146",0.44106977272162,-1.01915483643386
"1147",0.44106977272162,0.450938438133034
"1148",0.0869290885116948,0.450938438133034
"1149",0.0869290885116948,0.472290913593473
"1150",-1.0593182989419,0.472290913593473
"1151",-1.0593182989419,-2.14311244402717
"1152",-0.868400818679474,-2.14311244402717
"1153",-0.868400818679474,-0.754217645828298
"1154",-0.657523342804235,-0.754217645828298
"1155",-0.657523342804235,-1.07665681119377
"1156",-1.23861281101664,-1.07665681119377
"1157",-1.23861281101664,-1.8769135280599
"1158",-0.320289083370696,-1.8769135280599
"1159",-0.320289083370696,0.733134768574997
"1160",1.26488294625375,0.733134768574997
"1161",1.26488294625375,1.00955884397135
"1162",0.0377646889166149,1.00955884397135
"1163",0.0377646889166149,0.716024271251372
"1164",0.953042320405636,0.716024271251372
"1165",0.953042320405636,0.623945533642529
"1166",0.323361356745799,0.623945533642529
"1167",0.323361356745799,0.816115018470736
"1168",1.06224140121442,0.816115018470736
"1169",1.06224140121442,0.824696192033609
"1170",0.478442873623042,0.824696192033609
"1171",0.478442873623042,0.344911366317611
"1172",0.250807959354873,0.344911366317611
"1173",0.250807959354873,-0.126487760219495
"1174",0.807883972675904,-0.126487760219495
"1175",0.807883972675904,1.33104688258866
"1176",1.60708439690593,1.33104688258866
"1177",1.60708439690593,1.30101761740109
"1178",1.17593992448289,1.30101761740109
"1179",1.17593992448289,0.753702773841287
"1180",0.405655969868928,0.753702773841287
"1181",0.405655969868928,1.5444322254768
"1182",0.949481946879419,1.5444322254768
"1183",0.949481946879419,0.0673100582351327
"1184",-0.140497223354023,0.0673100582351327
"1185",-0.140497223354023,-0.353268886860542
"1186",-0.57825300028555,-0.353268886860542
"1187",-0.57825300028555,-0.489430232912411
"1188",-0.503449759005469,-0.489430232912411
"1189",-0.503449759005469,-0.666780386499216
"1190",-1.03685082773122,-0.666780386499216
"1191",-1.03685082773122,-1.23973995057686
"1192",-0.0995366041035204,-1.23973995057686
"1193",-0.0995366041035204,-0.0885820025185709
"1194",-0.446942295319281,-0.0885820025185709
"1195",-0.446942295319281,-0.418619690653161
"1196",-0.47045155291482,-0.418619690653161
"1197",-0.47045155291482,0.767101747411504
"1198",1.09079232309278,0.767101747411504
"1199",1.09079232309278,0.438198114947624
"1200",1.40177210423508,0.438198114947624
"1201",1.40177210423508,0.372082649673827
"1202",0.0664912033265182,0.372082649673827
"1203",0.0664912033265182,-0.147359134879692
"1204",-0.262473217336541,-0.147359134879692
"1205",-0.262473217336541,-0.436833224730792
"1206",-1.36097366251144,-0.436833224730792
"1207",-1.36097366251144,-0.636052720839065
"1208",-1.52536606996431,-0.636052720839065
"1209",-1.52536606996431,-1.24055131955625
"1210",-1.21149345609725,-1.24055131955625
"1211",-1.21149345609725,-0.27271052454091
"1212",-1.58869528949195,-0.27271052454091
"1213",-1.58869528949195,-1.62501310374603
"1214",-1.77193650261387,-1.62501310374603
"1215",-1.77193650261387,-1.18578859820495
"1216",-0.767851751415976,-1.18578859820495
"1217",-0.767851751415976,-0.574441506760053
"1218",-0.453298514514461,-0.574441506760053
"1219",-0.453298514514461,-0.334795566707762
"1220",-0.228810024917949,-0.334795566707762
"1221",-0.228810024917949,-1.46080241315499
"1222",-0.826235324860999,-1.46080241315499
"1223",-0.826235324860999,-1.62707957618756
"1224",-1.39292849698105,-1.62707957618756
"1225",-1.39292849698105,-0.61978929520082
"1226",-0.373994312010131,-0.61978929520082
"1227",-0.373994312010131,0.393895429449313
"1228",-0.00486772305173078,0.393895429449313
"1229",-0.00486772305173078,-0.161202876909311
"1230",0.346311383075924,-0.161202876909311
"1231",0.346311383075924,0.0366506644771641
"1232",-0.177307303048676,0.0366506644771641
"1233",-0.177307303048676,0.816925329414171
"1234",0.651398845857606,0.816925329414171
"1235",0.651398845857606,0.778853669691484
"1236",0.71703312638694,0.778853669691484
"1237",0.71703312638694,0.161896957677927
"1238",0.8373069604311,0.161896957677927
"1239",0.8373069604311,0.87905895075434
"1240",0.937297056616213,0.87905895075434
"1241",0.937297056616213,1.02876892024948
"1242",0.560725846592609,1.02876892024948
"1243",0.560725846592609,0.259648673236104
"1244",-0.0105010550453857,0.259648673236104
"1245",-0.0105010550453857,0.91312888400726
"1246",0.877124326778181,0.91312888400726
"1247",0.877124326778181,-0.0261604417233932
"1248",0.284505009720552,-0.0261604417233932
"1249",0.284505009720552,0.430366045799947
"1250",0.130095607976097,0.430366045799947
"1251",0.130095607976097,0.130018764645657
"1252",-0.292937163743586,0.130018764645657
"1253",-0.292937163743586,0.141946853143964
"1254",-0.34354394077977,0.141946853143964
"1255",-0.34354394077977,0.383503527723955
"1256",0.356097059920606,0.383503527723955
"1257",0.356097059920606,-0.279566205839244
"1258",-0.723046928643064,-0.279566205839244
"1259",-0.723046928643064,-0.765437571732153
"1260",-1.05020822849017,-0.765437571732153
"1261",-1.05020822849017,-1.41153357424796
"1262",-1.73344516881382,-1.41153357424796
"1263",-1.73344516881382,-1.3482947873525
"1264",-0.975338676326947,-1.3482947873525
"1265",-0.975338676326947,-0.854072428696066
"1266",-0.649477453875867,-0.854072428696066
"1267",-0.649477453875867,-0.523398684250024
"1268",0.211030800144302,-0.523398684250024
"1269",0.211030800144302,1.20241656231692
"1270",1.06017906755876,1.20241656231692
"1271",1.06017906755876,-0.0722264521560566
"1272",-0.156200159501935,-0.0722264521560566
"1273",-0.156200159501935,0.545913668852058
"1274",1.39402686979185,0.545913668852058
"1275",1.39402686979185,1.08823362243776
"1276",-0.138093414151591,1.08823362243776
"1277",-0.138093414151591,0.331175111719082
"1278",1.02906182614547,0.331175111719082
"1279",1.02906182614547,1.04364855974431
"1280",2.78168456235369,1.04364855974431
"1281",2.78168456235369,2.1294860750554
"1282",2.53686968728888,2.1294860750554
"1283",2.53686968728888,1.85270742743245
"1284",0.0764213468202473,1.85270742743245
"1285",0.0764213468202473,-0.751808952320701
"1286",-1.32321334978163,-0.751808952320701
"1287",-1.32321334978163,-1.28985705683233
"1288",-1.88500991276041,-1.28985705683233
"1289",-1.88500991276041,-2.59049817780464
"1290",-2.82075671199513,-2.59049817780464
"1291",-2.82075671199513,-1.45049437951557
"1292",-0.224015470619558,-1.45049437951557
"1293",-0.224015470619558,-0.535637596745618
"1294",-0.430954161223111,-0.535637596745618
"1295",-0.430954161223111,-0.293831315092124
"1296",-1.01891848261287,-0.293831315092124
"1297",-1.01891848261287,-0.991556571887026
"1298",-1.12931857821918,-0.991556571887026
"1299",-1.12931857821918,-1.95440453245361
"1300",-1.09374274551367,-1.95440453245361
"1301",-1.09374274551367,0.285323657500155
"1302",0.67808892796138,0.285323657500155
"1303",0.67808892796138,1.72348582712675
"1304",1.48903496195768,1.72348582712675
"1305",1.48903496195768,0.266432479960601
"1306",1.08090166703825,0.266432479960601
"1307",1.08090166703825,-0.296068143583525
"1308",-0.174257347763115,-0.296068143583525
"1309",-0.174257347763115,-0.284373478689443
"1310",-0.087567883902513,-0.284373478689443
"1311",-0.087567883902513,0.00392598608459227
"1312",-0.262713631732278,0.00392598608459227
"1313",-0.262713631732278,0.601328658478609
"1314",0.993586967417959,0.601328658478609
"1315",0.993586967417959,1.35256938993629
"1316",0.00795238907455476,1.35256938993629
"1317",0.00795238907455476,0.362574071365442
"1318",0.961973583240262,0.362574071365442
"1319",0.961973583240262,1.77302081059698
"1320",2.62404548685793,1.77302081059698
"1321",2.62404548685793,2.42512345488599
"1322",2.65947743009176,2.42512345488599
"1323",2.65947743009176,2.20866849613591
"1324",2.09589905290645,2.20866849613591
"1325",2.09589905290645,2.73450269957456
"1326",1.87882879558244,2.73450269957456
"1327",1.87882879558244,2.59741716533889
"1328",2.14260910422873,2.59741716533889
"1329",2.14260910422873,0.914490714720685
"1330",1.32665263344054,0.914490714720685
"1331",1.32665263344054,0.771058264942601
"1332",0.416821650361597,0.771058264942601
"1333",0.416821650361597,-0.418518323070036
"1334",-0.348202966501829,-0.418518323070036
"1335",-0.348202966501829,1.09240201543868
"1336",0.793345980870197,1.09240201543868
"1337",0.793345980870197,0.480803545588403
"1338",1.215740798065,0.480803545588403
"1339",1.215740798065,0.237302741192881
"1340",-0.0492156002658706,0.237302741192881
"1341",-0.0492156002658706,0.757235506995853
"1342",-0.83349997789091,0.757235506995853
"1343",-0.83349997789091,-0.523555423969528
"1344",0.473394599946057,-0.523555423969528
"1345",0.473394599946057,1.0812763444728
"1346",1.48174773137689,1.0812763444728
"1347",1.48174773137689,1.6621105355804
"1348",0.220891227522463,1.6621105355804
"1349",0.220891227522463,0.262531101867102
"1350",-0.618581596403443,0.262531101867102
"1351",-0.618581596403443,-0.873278482800612
"1352",-1.07500112684283,-0.873278482800612
"1353",-1.07500112684283,-0.474436556122478
"1354",0.364840411576394,-0.474436556122478
"1355",0.364840411576394,0.13896378121016
"1356",0.18697810920317,0.13896378121016
"1357",0.18697810920317,-0.179624638083625
"1358",-1.39922479336392,-0.179624638083625
"1359",-1.39922479336392,-1.61480709461734
"1360",-1.49776065786875,-1.61480709461734
"1361",-1.49776065786875,-1.46519855839146
"1362",-0.781952983385435,-1.46519855839146
"1363",-0.781952983385435,-1.3208125862279
"1364",-1.93748537356549,-1.3208125862279
"1365",-1.93748537356549,-1.24218676269644
"1366",-1.47569280655578,-1.24218676269644
"1367",-1.47569280655578,-1.35333030329321
"1368",-0.880875361209825,-1.35333030329321
"1369",-0.880875361209825,-0.775954828680344
"1370",-1.74659446216524,-0.775954828680344
"1371",-1.74659446216524,-2.42608617007922
"1372",-1.59338223460769,-2.42608617007922
"1373",-1.59338223460769,-0.913742138055894
"1374",-1.10720713550838,-0.913742138055894
"1375",-1.10720713550838,-0.467841190455759
"1376",-0.0924120503123601,-0.467841190455759
"1377",-0.0924120503123601,0.182359686025572
"1378",0.915510688713314,0.182359686025572
"1379",0.915510688713314,0.549328271240683
"1380",0.028466004293817,0.549328271240683
"1381",0.028466004293817,1.17816048777695
"1382",1.44862284227445,1.17816048777695
"1383",1.44862284227445,1.96620565738509
"1384",0.790962702771303,1.96620565738509
"1385",0.790962702771303,-0.639434680291904
"1386",-0.567637888554256,-0.639434680291904
"1387",-0.567637888554256,-0.755710931777868
"1388",-1.33622582515328,-0.755710931777868
"1389",-1.33622582515328,-0.994556286883842
"1390",-0.7728558642831,-0.994556286883842
"1391",-0.7728558642831,-1.50811520554222
"1392",-0.730591861379973,-1.50811520554222
"1393",-0.730591861379973,-0.762665584227863
"1394",-0.0735231917911467,-0.762665584227863
"1395",-0.0735231917911467,0.101581727708343
"1396",0.269859040762743,0.101581727708343
"1397",0.269859040762743,0.698653310260676
"1398",-0.566212976945509,0.698653310260676
"1399",-0.566212976945509,-0.952011626769637
"1400",-1.38982132836252,-0.952011626769637
"1401",-1.38982132836252,-1.37784454484666
"1402",-1.6420696461162,-1.37784454484666
"1403",-1.6420696461162,-0.885845090324131
"1404",-1.40217365041283,-0.885845090324131
"1405",-1.40217365041283,-0.18057229335427
"1406",1.06717147323502,-0.18057229335427
"1407",1.06717147323502,1.29181116436204
"1408",2.70383288347031,1.29181116436204
"1409",2.70383288347031,1.90320486182771
"1410",0.586159473220268,1.90320486182771
"1411",0.586159473220268,0.625117919883448
"1412",1.13485366712355,0.625117919883448
"1413",1.13485366712355,1.54667262664308
"1414",2.14463947302469,1.54667262664308
"1415",2.14463947302469,1.67238343117957
"1416",1.96116884104512,1.67238343117957
"1417",1.96116884104512,2.31535736747324
"1418",2.73673206154089,2.31535736747324
"1419",2.73673206154089,1.82750394123002
"1420",1.89678902027365,1.82750394123002
"1421",1.89678902027365,1.0222833762671
"1422",0.0688698280914066,1.0222833762671
"1423",0.0688698280914066,0.262903667157488
"1424",0.866366094590932,0.262903667157488
"1425",0.866366094590932,0.550515083767696
"1426",0.183184173623627,0.550515083767696
"1427",0.183184173623627,0.385410215674174
"1428",0.515347095714691,0.385410215674174
"1429",0.515347095714691,0.857496106216266
"1430",0.0938136650971846,0.857496106216266
"1431",0.0938136650971846,0.597020368056425
"1432",0.253553517317317,0.597020368056425
"1433",0.253553517317317,-0.135532252993043
"1434",0.747210099093201,-0.135532252993043
"1435",0.747210099093201,0.652466383368134
"1436",0.822168730961975,0.652466383368134
"1437",0.822168730961975,0.331313712214144
"1438",0.689636835446016,0.331313712214144
"1439",0.689636835446016,0.310621713700263
"1440",-0.11099694833509,0.310621713700263
"1441",-0.11099694833509,-0.120087492529067
"1442",-0.35430504018094,-0.120087492529067
"1443",-0.35430504018094,-0.950565700205601
"1444",-0.402219702776086,-0.950565700205601
"1445",-0.402219702776086,-0.384970085529296
"1446",0.307801201841863,-0.384970085529296
"1447",0.307801201841863,0.873327391981304
"1448",1.74449148879185,0.873327391981304
"1449",1.74449148879185,1.34461295713654
"1450",1.50536225089102,1.34461295713654
"1451",1.50536225089102,1.09941045046029
"1452",1.01969693313209,1.09941045046029
"1453",1.01969693313209,0.436030421668852
"1454",0.690645993864181,0.436030421668852
"1455",0.690645993864181,0.830231953044184
"1456",1.11579743543624,0.830231953044184
"1457",1.11579743543624,0.854243069913413
"1458",1.05438113097772,0.854243069913413
"1459",1.05438113097772,1.48981337383992
"1460",0.36628513509495,1.48981337383992
"1461",0.36628513509495,-0.0599724200367918
"1462",-0.598594462195481,-0.0599724200367918
"1463",-0.598594462195481,-0.309608510436545
"1464",-0.665433436205326,-0.309608510436545
"1465",-0.665433436205326,-1.36360949501933
"1466",-1.62112456584697,-1.36360949501933
"1467",-1.62112456584697,-1.23824440336905
"1468",-0.330081006727795,-1.23824440336905
"1469",-0.330081006727795,-0.925559159943691
"1470",0.140862365079352,-0.925559159943691
"1471",0.140862365079352,0.72670772960838
"1472",0.105862799061696,0.72670772960838
"1473",0.105862799061696,0.68386646526349
"1474",1.60052024659099,0.68386646526349
"1475",1.60052024659099,1.4358328484692
"1476",1.07019512388527,1.4358328484692
"1477",1.07019512388527,2.25132253166317
"1478",1.15089375500496,2.25132253166317
"1479",1.15089375500496,0.872680154952778
"1480",1.0679032885847,0.872680154952778
"1481",1.0679032885847,0.947507477788602
"1482",1.12940572425127,0.947507477788602
"1483",1.12940572425127,0.681466141564984
"1484",0.445264184570645,0.681466141564984
"1485",0.445264184570645,0.501385533706401
"1486",0.407381787298719,0.501385533706401
"1487",0.407381787298719,-0.477474073637836
"1488",-1.206749774843,-0.477474073637836
"1489",-1.206749774843,-0.675833997511162
"1490",-0.52332894368597,-0.675833997511162
"1491",-0.52332894368597,-1.38721958147634
"1492",-1.16198259514801,-1.38721958147634
"1493",-1.16198259514801,-1.30262764980564
"1494",-1.6424230126872,-1.30262764980564
"1495",-1.6424230126872,-0.876710917465195
"1496",0.0766528192110614,-0.876710917465195
"1497",0.0766528192110614,-0.16800886303058
"1498",0.271743172772651,-0.16800886303058
"1499",0.271743172772651,-0.0626410207431534
"1500",0.906201308947914,-0.0626410207431534
"1501",0.906201308947914,0.892276502013108
"1502",0.0413940854233118,0.892276502013108
"1503",0.0413940854233118,-0.454275207318686
"1504",0.108275058851203,-0.454275207318686
"1505",0.108275058851203,-0.585090322089987
"1506",-0.0996429834492056,-0.585090322089987
"1507",-0.0996429834492056,1.0387939943485
"1508",0.793291447660924,1.0387939943485
"1509",0.793291447660924,1.11139265169904
"1510",0.742335277508322,1.11139265169904
"1511",0.742335277508322,0.292158508052759
"1512",0.0730152866631036,0.292158508052759
"1513",0.0730152866631036,0.571562225034938
"1514",0.782830513133555,0.571562225034938
"1515",0.782830513133555,1.82552740697298
"1516",1.52923972486896,1.82552740697298
"1517",1.52923972486896,1.55644180770757
"1518",0.783219494465955,1.55644180770757
"1519",0.783219494465955,-0.060256465072454
"1520",0.598007572814802,-0.060256465072454
"1521",0.598007572814802,0.484221385280007
"1522",0.367832813838981,0.484221385280007
"1523",0.367832813838981,0.38552519668449
"1524",0.698324696998097,0.38552519668449
"1525",0.698324696998097,1.09966053654329
"1526",0.979281427062039,1.09966053654329
"1527",0.979281427062039,0.256993746940155
"1528",0.946748069703403,0.256993746940155
"1529",0.946748069703403,1.51373971830591
"1530",1.82219386866605,1.51373971830591
"1531",1.82219386866605,1.88492901145563
"1532",1.37484275509884,1.88492901145563
"1533",1.37484275509884,0.833867550102672
"1534",1.53640196041672,0.833867550102672
"1535",1.53640196041672,1.2641685640339
"1536",0.65236294575625,1.2641685640339
"1537",0.65236294575625,0.571633205288616
"1538",0.138948004329355,0.571633205288616
"1539",0.138948004329355,0.706858780865264
"1540",1.05349735283158,0.706858780865264
"1541",1.05349735283158,0.636108850139645
"1542",0.222651631432203,0.636108850139645
"1543",0.222651631432203,1.00245616097668
"1544",0.288573312933143,1.00245616097668
"1545",0.288573312933143,0.465933930250073
"1546",-0.244253602836269,0.465933930250073
"1547",-0.244253602836269,0.195615914410283
"1548",0.934479634641638,0.195615914410283
"1549",0.934479634641638,1.43067555879914
"1550",1.9642536924059,1.43067555879914
"1551",1.9642536924059,1.08150910997479
"1552",1.2745338128939,1.08150910997479
"1553",1.2745338128939,1.04573831827281
"1554",0.757590452517751,1.04573831827281
"1555",0.757590452517751,0.979073896575864
"1556",0.217582475415927,0.979073896575864
"1557",0.217582475415927,-0.357351900126295
"1558",-1.35886454890901,-0.357351900126295
"1559",-1.35886454890901,-1.16885121089286
"1560",-0.420938268590848,-1.16885121089286
"1561",-0.420938268590848,0.140594336320254
"1562",0.251970658713034,0.140594336320254
"1563",0.251970658713034,-1.826515962324
"1564",-1.57574808858608,-1.826515962324
"1565",-1.57574808858608,-0.566476902072427
"1566",0.0651211145452045,-0.566476902072427
"1567",0.0651211145452045,-0.276424793615093
"1568",0.395630492332624,-0.276424793615093
"1569",0.395630492332624,0.162086620631022
"1570",0.0424188431675091,0.162086620631022
"1571",0.0424188431675091,0.0878447517948159
"1572",0.260711790185463,0.0878447517948159
"1573",0.260711790185463,1.18015471971139
"1574",0.618276504589064,1.18015471971139
"1575",0.618276504589064,0.165123409369329
"1576",-1.08172376563139,0.165123409369329
"1577",-1.08172376563139,-0.583834470088045
"1578",0.726520718314867,-0.583834470088045
"1579",0.726520718314867,0.0430315825095791
"1580",0.0936346927111739,0.0430315825095791
"1581",0.0936346927111739,-0.110356254373066
"1582",0.876556473253893,-0.110356254373066
"1583",0.876556473253893,1.49082563585489
"1584",0.736622163713484,1.49082563585489
"1585",0.736622163713484,0.194088449129057
"1586",-0.437802085915952,0.194088449129057
"1587",-0.437802085915952,0.0177274660491957
"1588",-0.751540946475667,0.0177274660491957
"1589",-0.751540946475667,-0.269482391200621
"1590",-0.470461510921168,-0.269482391200621
"1591",-0.470461510921168,-0.0888889566765541
"1592",0.59419028997626,-0.0888889566765541
"1593",0.59419028997626,0.558588443944846
"1594",0.208004536124637,0.558588443944846
"1595",0.208004536124637,0.402423961169453
"1596",-1.15554418069463,0.402423961169453
"1597",-1.15554418069463,-1.66788791692193
"1598",-1.52474711008429,-1.66788791692193
"1599",-1.52474711008429,-1.03627232901371
"1600",-0.721969343452151,-1.03627232901371
"1601",-0.721969343452151,-1.77140632388697
"1602",-1.31689764248567,-1.77140632388697
"1603",-1.31689764248567,-0.637043121185525
"1604",-0.292584901134072,-0.637043121185525
"1605",-0.292584901134072,-0.143553852401537
"1606",0.543567365246052,-0.143553852401537
"1607",0.543567365246052,0.568993594869213
"1608",-0.0385090859750358,0.568993594869213
"1609",-0.0385090859750358,-0.308760603715317
"1610",-0.358182798546102,-0.308760603715317
"1611",-0.358182798546102,-0.0501807422917705
"1612",-0.47207807210489,-0.0501807422917705
"1613",-0.47207807210489,-0.535623316122553
"1614",-1.10923108061758,-0.535623316122553
"1615",-1.10923108061758,0.462371718733719
"1616",0.454341265543103,0.462371718733719
"1617",0.454341265543103,-0.692492176595696
"1618",-1.39990216851368,-0.692492176595696
"1619",-1.39990216851368,-0.47034522083952
"1620",-0.259372765346813,-0.47034522083952
"1621",-0.259372765346813,0.0977336846589141
"1622",-0.194972640898281,0.0977336846589141
"1623",-0.194972640898281,0.915050791403021
"1624",0.837513772377309,0.915050791403021
"1625",0.837513772377309,0.729943046848817
"1626",0.30304762692405,0.729943046848817
"1627",0.30304762692405,0.528725396233966
"1628",0.133251303063612,0.528725396233966
"1629",0.133251303063612,0.0841389661919117
"1630",1.03414967064449,0.0841389661919117
"1631",1.03414967064449,0.0286960807934223
"1632",0.162943995328213,0.0286960807934223
"1633",0.162943995328213,0.582326988698184
"1634",0.693775170133925,0.582326988698184
"1635",0.693775170133925,1.04091777633143
"1636",1.36514959859694,1.04091777633143
"1637",1.36514959859694,0.83863470079976
"1638",0.481430238759142,0.83863470079976
"1639",0.481430238759142,0.700180568929772
"1640",1.17832330939164,0.700180568929772
"1641",1.17832330939164,-0.643406293337012
"1642",-0.682184299346315,-0.643406293337012
"1643",-0.682184299346315,-0.605141987496275
"1644",0.528680361740085,-0.605141987496275
"1645",0.528680361740085,0.836045949315984
"1646",0.28597105742639,0.836045949315984
"1647",0.28597105742639,-0.498732492921421
"1648",0.00945014345238804,-0.498732492921421
"1649",0.00945014345238804,0.54410518505292
"1650",-0.82996646305268,0.54410518505292
"1651",-0.82996646305268,-1.52236504012723
"1652",-1.80597150381842,-1.52236504012723
"1653",-1.80597150381842,-1.55306502227156
"1654",-1.38161692261761,-1.55306502227156
"1655",-1.38161692261761,-0.898500993949422
"1656",-0.653580551587178,-0.898500993949422
"1657",-0.653580551587178,-0.439609611242378
"1658",-0.802815590782021,-0.439609611242378
"1659",-0.802815590782021,-1.40769131135809
"1660",0.0921138107723567,-1.40769131135809
"1661",0.0921138107723567,-0.903077019496462
"1662",-0.916628140447086,-0.903077019496462
"1663",-0.916628140447086,-0.288947764574946
"1664",-0.580514239815356,-0.288947764574946
"1665",-0.580514239815356,-0.910064916815879
"1666",0.423136642957374,-0.910064916815879
"1667",0.423136642957374,0.16296614058042
"1668",0.832981519594165,0.16296614058042
"1669",0.832981519594165,0.531970592284695
"1670",1.70989834240904,0.531970592284695
"1671",1.70989834240904,1.53749439406604
"1672",0.756033167528575,1.53749439406604
"1673",0.756033167528575,1.92040949693635
"1674",0.997471880098983,1.92040949693635
"1675",0.997471880098983,0.688634386837168
"1676",-0.209434672633652,0.688634386837168
"1677",-0.209434672633652,-0.0392539718125558
"1678",0.193807764693116,-0.0392539718125558
"1679",0.193807764693116,0.0695021932240484
"1680",0.569446868844466,0.0695021932240484
"1681",0.569446868844466,-0.260439328122944
"1682",0.364386856142288,-0.260439328122944
"1683",0.364386856142288,0.744632899618209
"1684",0.376463066214066,0.744632899618209
"1685",0.376463066214066,0.887873354194279
"1686",1.35246265066123,0.887873354194279
"1687",1.35246265066123,1.38718781429534
"1688",0.904666512932992,1.38718781429534
"1689",0.904666512932992,-0.283768450294619
"1690",0.0801411486492348,-0.283768450294619
"1691",0.0801411486492348,0.327646053328182
"1692",0.48838325572013,0.327646053328182
"1693",0.48838325572013,0.484929922292817
"1694",0.0432880820318661,0.484929922292817
"1695",0.0432880820318661,-0.178464868365553
"1696",-0.00261620022807937,-0.178464868365553
"1697",-0.00261620022807937,0.262106311409845
"1698",-0.895888669225685,0.262106311409845
"1699",-0.895888669225685,0.117597773828621
"1700",0.0195272733625415,0.117597773828621
"1701",0.0195272733625415,-1.03823747915844
"1702",-1.50562142688395,-1.03823747915844
"1703",-1.50562142688395,-1.08732786901662
"1704",0.0275771886031533,-1.08732786901662
"1705",0.0275771886031533,0.0214067466001217
"1706",0.659344294795166,0.0214067466001217
"1707",0.659344294795166,1.516005382442
"1708",0.256767626071352,1.516005382442
"1709",0.256767626071352,0.390163392239846
"1710",-0.0251473004798268,0.390163392239846
"1711",-0.0251473004798268,-0.576911431406903
"1712",-0.899674562363057,-0.576911431406903
"1713",-0.899674562363057,-0.674424317276775
"1714",-0.931186112699964,-0.674424317276775
"1715",-0.931186112699964,-0.00714481861934169
"1716",0.217727455225856,-0.00714481861934169
"1717",0.217727455225856,1.55142561857786
"1718",0.557173697629942,1.55142561857786
"1719",0.557173697629942,-0.69542963492488
"1720",-1.13312669044813,-0.69542963492488
"1721",-1.13312669044813,-1.12902178223807
"1722",0.0307616288092377,-1.12902178223807
"1723",0.0307616288092377,0.246762331096496
"1724",-0.00264980396441533,0.246762331096496
"1725",-0.00264980396441533,-0.333243916360594
"1726",-0.158249402508155,-0.333243916360594
"1727",-0.158249402508155,0.363602900994324
"1728",0.643203368625375,0.363602900994324
"1729",0.643203368625375,0.941757182689297
"1730",1.05516054320064,0.941757182689297
"1731",1.05516054320064,0.858072821085269
"1732",1.35089375140525,0.858072821085269
"1733",1.35089375140525,0.873918005717202
"1734",1.02720076116651,0.873918005717202
"1735",1.02720076116651,1.44741641491791
"1736",1.67872421414557,1.44741641491791
"1737",1.67872421414557,0.929738848738561
"1738",1.18417182720375,0.929738848738561
"1739",1.18417182720375,1.02053399911696
"1740",0.347611679186003,1.02053399911696
"1741",0.347611679186003,-0.277738251663783
"1742",-0.882217010931355,-0.277738251663783
"1743",-0.882217010931355,-0.540987553262445
"1744",-0.0368126292384593,-0.540987553262445
"1745",-0.0368126292384593,-0.362095531576595
"1746",0.0471490029344787,-0.362095531576595
"1747",0.0471490029344787,-0.198358810499728
"1748",-0.127900160988255,-0.198358810499728
"1749",-0.127900160988255,-0.13962254607555
"1750",-0.104115193496571,-0.13962254607555
"1751",-0.104115193496571,0.46278413050885
"1752",0.259392778500445,0.46278413050885
"1753",0.259392778500445,-0.395787317909877
"1754",-0.21611806412408,-0.395787317909877
"1755",-0.21611806412408,-0.845494964547816
"1756",-0.0431949447401812,-0.845494964547816
"1757",-0.0431949447401812,0.143019601934086
"1758",0.971534618509156,0.143019601934086
"1759",0.971534618509156,0.783096888513425
"1760",1.75370945267882,0.783096888513425
"1761",1.75370945267882,2.04976336943991
"1762",2.09731934143458,2.04976336943991
"1763",2.09731934143458,2.34858121745878
"1764",1.63527882408857,2.34858121745878
"1765",1.63527882408857,0.83474118225531
"1766",0.502479348375264,0.83474118225531
"1767",0.502479348375264,0.839112575728143
"1768",0.134352094906835,0.839112575728143
"1769",0.134352094906835,0.392095301623319
"1770",0.525915942937343,0.392095301623319
"1771",0.525915942937343,0.831617420029296
"1772",0.404676677113115,0.831617420029296
"1773",0.404676677113115,0.781655126977495
"1774",0.277340159853744,0.781655126977495
"1775",0.277340159853744,-0.0177040886602146
"1776",-0.291855084859627,-0.0177040886602146
"1777",-0.291855084859627,0.193264413351359
"1778",-0.0547601274807115,0.193264413351359
"1779",-0.0547601274807115,-0.021612147971366
"1780",-0.35744789115003,-0.021612147971366
"1781",-0.35744789115003,0.6851340157109
"1782",-0.290036284179576,0.6851340157109
"1783",-0.290036284179576,-0.618463519469854
"1784",-0.328901057003465,-0.618463519469854
"1785",-0.328901057003465,0.390581999550748
"1786",-0.174859790318232,0.390581999550748
"1787",-0.174859790318232,0.568189530331494
"1788",0.965104751770538,0.568189530331494
"1789",0.965104751770538,1.32662767240363
"1790",1.10635092584212,1.32662767240363
"1791",1.10635092584212,0.632058495471787
"1792",0.995356935903811,0.632058495471787
"1793",0.995356935903811,1.15999146613367
"1794",0.275638040611937,1.15999146613367
"1795",0.275638040611937,-0.824501402067194
"1796",-0.24183986279815,-0.824501402067194
"1797",-0.24183986279815,-0.455372470915632
"1798",-0.688092519213381,-0.455372470915632
"1799",-0.688092519213381,-0.587279414176501
"1800",-1.56555891700611,-0.587279414176501
"1801",-1.56555891700611,-1.51766334901831
"1802",-1.42262521187145,-1.51766334901831
"1803",-1.42262521187145,-1.86244459375984
"1804",-2.9904956435857,-1.86244459375984
"1805",-2.9904956435857,-3.16819182522389
"1806",-2.68160208206832,-3.16819182522389
"1807",-2.68160208206832,-1.7981441832675
"1808",-0.559853142989336,-1.7981441832675
"1809",-0.559853142989336,0.20665417545335
"1810",0.638434174572274,0.20665417545335
"1811",0.638434174572274,0.746925403543872
"1812",0.607036487093247,0.746925403543872
"1813",0.607036487093247,0.514873081561781
"1814",0.106932218948626,0.514873081561781
"1815",0.106932218948626,0.36391705596704
"1816",-0.380696090025383,0.36391705596704
"1817",-0.380696090025383,-0.189955464985964
"1818",-0.689213023320176,-0.189955464985964
"1819",-0.689213023320176,-0.971344346338553
"1820",-0.725960591040499,-0.971344346338553
"1821",-0.725960591040499,0.469283570586577
"1822",-0.149006771180689,0.469283570586577
"1823",-0.149006771180689,0.451148736721026
"1824",0.709855973966206,0.451148736721026
"1825",0.709855973966206,-0.25329884209268
"1826",-0.264179687951991,-0.25329884209268
"1827",-0.264179687951991,-0.260024144405407
"1828",0.476853818978566,-0.260024144405407
"1829",0.476853818978566,0.553372973589233
"1830",0.36416665747215,0.553372973589233
"1831",0.36416665747215,0.807244241143185
"1832",0.708057830058356,0.807244241143185
"1833",0.708057830058356,0.321856946892802
"1834",0.247975535843107,0.321856946892802
"1835",0.247975535843107,1.2090123253303
"1836",0.576253121908676,1.2090123253303
"1837",0.576253121908676,0.367825893100949
"1838",0.421134827750408,0.367825893100949
"1839",0.421134827750408,0.424368999584547
"1840",0.0832286439464186,0.424368999584547
"1841",0.0832286439464186,0.0493150745582968
"1842",-0.0526880694360665,0.0493150745582968
"1843",-0.0526880694360665,0.940192083670614
"1844",1.00029197553802,0.940192083670614
"1845",1.00029197553802,1.19657762886859
"1846",0.670624588377141,1.19657762886859
"1847",0.670624588377141,0.651596817402049
"1848",-0.028309555516141,0.651596817402049
"1849",-0.028309555516141,-0.320080834342416
"1850",0.0117644866707439,-0.320080834342416
"1851",0.0117644866707439,0.842550243058728
"1852",0.572814434370055,0.842550243058728
"1853",0.572814434370055,0.851827332422393
"1854",1.0514911322551,0.851827332422393
"1855",1.0514911322551,0.687747280996853
"1856",-0.595272104786508,0.687747280996853
"1857",-0.595272104786508,0.531168673198899
"1858",0.19132596283704,0.531168673198899
"1859",0.19132596283704,-0.634546200400332
"1860",-1.08499372170777,-0.634546200400332
"1861",-1.08499372170777,-1.06755546499468
"1862",-0.966469396470715,-1.06755546499468
"1863",-0.966469396470715,-0.18518648993407
"1864",-0.344444869334886,-0.18518648993407
"1865",-0.344444869334886,0.149973782474622
"1866",-0.0813722318588914,0.149973782474622
"1867",-0.0813722318588914,0.388668795613203
"1868",-0.00610515963364305,0.388668795613203
"1869",-0.00610515963364305,0.444285709605781
"1870",0.30116127179985,0.444285709605781
"1871",0.30116127179985,0.0724523035187254
"1872",-1.39435190570725,0.0724523035187254
"1873",-1.39435190570725,-0.791520077685746
"1874",-0.524180562391951,-0.791520077685746
"1875",-0.524180562391951,-1.6563951890844
"1876",-2.21243258049019,-1.6563951890844
"1877",-2.21243258049019,-1.78183792855685
"1878",-1.31588051658442,-1.78183792855685
"1879",-1.31588051658442,-0.0141847052945754
"1880",0.0262242505407221,-0.0141847052945754
"1881",0.0262242505407221,-0.553133363598987
"1882",-0.828043149879194,-0.553133363598987
"1883",-0.828043149879194,0.297078678876106
"1884",0.542523841585939,0.297078678876106
"1885",0.542523841585939,-0.127756536517191
"1886",-0.703816520289172,-0.127756536517191
"1887",-0.703816520289172,-0.686746491222731
"1888",-0.417625055106528,-0.686746491222731
"1889",-0.417625055106528,0.458676294821371
"1890",-0.179627822750423,0.458676294821371
"1891",-0.179627822750423,-0.406664967957642
"1892",1.44510414462129,-0.406664967957642
"1893",1.44510414462129,0.218895176224194
"1894",0.490643441446507,0.218895176224194
"1895",0.490643441446507,-0.140952209413151
"1896",0.435845830254854,-0.140952209413151
"1897",0.435845830254854,0.326639410237896
"1898",-0.597448472383844,0.326639410237896
"1899",-0.597448472383844,-1.50844859903119
"1900",-0.476333451632553,-1.50844859903119
"1901",-0.476333451632553,-2.2430214063061
"1902",-0.969712287507088,-2.2430214063061
"1903",-0.969712287507088,0.334960261495975
"1904",-0.0179838350321916,0.334960261495975
"1905",-0.0179838350321916,0.422340455553248
"1906",0.108544272560877,0.422340455553248
"1907",0.108544272560877,0.0866983136172298
"1908",-0.429968201608055,0.0866983136172298
"1909",-0.429968201608055,0.145642873466579
"1910",-1.46148175534142,0.145642873466579
"1911",-1.46148175534142,-0.740947198545967
"1912",-1.61518975725355,-0.740947198545967
"1913",-1.61518975725355,-0.675222060701436
"1914",0.19745139958189,-0.675222060701436
"1915",0.19745139958189,-0.9202913337957
"1916",-1.30920676432286,-0.9202913337957
"1917",-1.30920676432286,-0.69930151102456
"1918",-1.47251803907434,-0.69930151102456
"1919",-1.47251803907434,-0.122783729384747
"1920",-0.717522925429105,-0.122783729384747
"1921",-0.717522925429105,-0.314157642853978
"1922",-1.69154421032936,-0.314157642853978
"1923",-1.69154421032936,-1.17359664476165
"1924",-0.0427760560999823,-1.17359664476165
"1925",-0.0427760560999823,-0.549134058072156
"1926",-0.904042577732264,-0.549134058072156
"1927",-0.904042577732264,-0.355487174565281
"1928",-0.952680426628392,-0.355487174565281
"1929",-0.952680426628392,-0.238023238997803
"1930",0.555756993195817,-0.238023238997803
"1931",0.555756993195817,-0.497932658538089
"1932",-0.787753039913856,-0.497932658538089
"1933",-0.787753039913856,-0.649498572093453
"1934",-0.357977384804393,-0.649498572093453
"1935",-0.357977384804393,-0.567105123669663
"1936",-0.0282459546880288,-0.567105123669663
"1937",-0.0282459546880288,-0.512911227957447
"1938",-0.313479562771803,-0.512911227957447
"1939",-0.313479562771803,0.259551344927333
"1940",0.74506969820662,0.259551344927333
"1941",0.74506969820662,1.22258320246337
"1942",0.888205725423122,1.22258320246337
"1943",0.888205725423122,0.690735586169163
"1944",1.36471708481298,0.690735586169163
"1945",1.36471708481298,1.5557392761664
"1946",1.84069889039061,1.5557392761664
"1947",1.84069889039061,1.04761516350198
"1948",1.55961574395482,1.04761516350198
"1949",1.55961574395482,0.241093291815897
"1950",-0.0644637260043019,0.241093291815897
"1951",-0.0644637260043019,0.58254229985673
"1952",0.942473734668553,0.58254229985673
"1953",0.942473734668553,1.34125203346657
"1954",1.48372662652777,1.34125203346657
"1955",1.48372662652777,0.611925052912679
"1956",0.154478186587127,0.611925052912679
"1957",0.154478186587127,-0.237662137656402
"1958",-1.14621642957679,-0.237662137656402
"1959",-1.14621642957679,-1.26623614465723
"1960",-1.00640078525489,-1.26623614465723
"1961",-1.00640078525489,-0.966835692933953
"1962",-1.55245180204352,-0.966835692933953
"1963",-1.55245180204352,-0.885490797949386
"1964",-0.200448616278787,-0.885490797949386
"1965",-0.200448616278787,-0.857123238173245
"1966",-0.210258295168338,-0.857123238173245
"1967",-0.210258295168338,0.146231591575999
"1968",-0.457622091016698,0.146231591575999
"1969",-0.457622091016698,-0.791496093061023
"1970",-0.504135791419701,-0.791496093061023
"1971",-0.504135791419701,-0.35908424970603
"1972",0.244842312781991,-0.35908424970603
"1973",0.244842312781991,-1.28945011741855
"1974",-1.31929574056636,-1.28945011741855
"1975",-1.31929574056636,-0.789734542644551
"1976",-0.571561795374372,-0.789734542644551
"1977",-0.571561795374372,-0.287978436987842
"1978",-0.0406100522741911,-0.287978436987842
"1979",-0.0406100522741911,-0.142555408464055
"1980",0.827094710865629,-0.142555408464055
"1981",0.827094710865629,0.83729511339422
"1982",0.253787805380248,0.83729511339422
"1983",0.253787805380248,0.344466077176511
"1984",-0.250581098322245,0.344466077176511
"1985",-0.250581098322245,-0.777534539212453
"1986",-0.621144786854582,-0.777534539212453
"1987",-0.621144786854582,-0.79627782229882
"1988",-1.18726450883806,-0.79627782229882
"1989",-1.18726450883806,-0.666395377256346
"1990",-0.355780139042017,-0.666395377256346
"1991",-0.355780139042017,-0.547801199253353
"1992",-0.683012369903676,-0.547801199253353
"1993",-0.683012369903676,-0.646064604240021
"1994",-0.0620373061874261,-0.646064604240021
"1995",-0.0620373061874261,0.335818853683014
"1996",-0.0846804268990364,0.335818853683014
"1997",-0.0846804268990364,0.0586756606453719
"1998",-0.813949065059452,0.0586756606453719
"1999",-0.813949065059452,-0.018119646445679
"2000",0.406247606462704,-0.018119646445679
"2001",0.406247606462704,0.0376599099282507
